<?xml version="1.0" encoding="UTF-8"?>
<!-- Foundation -->
<window id="10140">
    <defaultcontrol always="true">2</defaultcontrol>
    <allowoverlay>yes</allowoverlay>
    <controls>
        
        <control type="group">
            <posx>horzpad</posx>
            <posy>topoffset</posy>
            <include>Animation.SlideOpen.Left</include>
            <control type="label" description="Info Label">
                <include>DefSideLabelCoords</include>
                <label>1045</label>
                <visible>!Window.IsVisible(SliderDialog)</visible>
                <visible>!Window.IsVisible(FileBrowser)</visible>
                <visible>!Window.IsVisible(LockSettings.xml)</visible>
                <visible>!Window.IsVisible(DialogSelect.xml)</visible>
            </control>
            <control type="label" id="20">
                <visible>false</visible>
            </control>
        </control>
        
        <control type="group">
            <posy>160</posy>
            <include>DefSettingsLines</include>
            <include>Animation.FadeIn</include>
            <include>Animation.FadeOut</include>
            <visible>!Window.IsVisible(SliderDialog)</visible>
            <visible>!Window.IsVisible(FileBrowser)</visible>
            <visible>!Window.IsVisible(LockSettings.xml)</visible>
            <visible>!Window.IsVisible(DialogSelect.xml)</visible>

            <control type="grouplist" id="9">
                <include>DefSettingsLeftGroup</include>
                <onright>2</onright>
                <onleft>10</onleft>
                <onup>10</onup>
            </control>
            
            <control type="togglebutton" id="13">
                <description>Default Category Button</description>
                <align>left</align>
                <textcolor>Disabled</textcolor>
                <width>393</width>
                <texturefocus border="12" colordiffuse="PosterHighlight">common/white.png</texturefocus>
            </control>
            
            <control type="grouplist" id="2">
                <description>Control Area</description>
                <pagecontrol>10</pagecontrol>
                <include>DefSettingsRightGroup</include>
                <onleft>9</onleft>
                <onright>10</onright>
                <onup>noop</onup>
                <ondown>10</ondown>
            </control>

            <control type="button" id="3">
                <description>Default Button</description>
                <align>left</align>
                <font>Font-ListInfo</font>
                <texturefocus border="12" colordiffuse="PosterHighlight">common/white.png</texturefocus>
            </control>

            <control type="radiobutton" id="4">
                <description>Default Radio Button</description>
                <align>left</align>
                <font>Font-ListInfo</font>
                <texturefocus border="12" colordiffuse="PosterHighlight">common/white.png</texturefocus>
            </control>

            <control type="spincontrolex" id="5">
                <description>Default Spin Control</description>
                <align>left</align>
                <font>Font-ListInfo</font>
                <texturefocus border="12" colordiffuse="PosterHighlight">common/white.png</texturefocus>
            </control>

            <control type="label" id="7">
                <textoffsetx>30</textoffsetx>
                <textcolor>PosterHighlight</textcolor>
            </control>

            <control type="image" id="6">
                <description>Default Seperator</description>
                <height>-3</height>
                <texture>noop</texture>
            </control>

            <control type="sliderex" id="8">
                <description>Default Slider</description>
                <font>Font-ListInfo</font>
                <texturefocus border="12" colordiffuse="PosterHighlight">common/white.png</texturefocus>
            </control>
            
            <control type="grouplist">
                <itemgap>32</itemgap>
                <onup>2</onup>
                <include>DefSettingsOKCancelGroup</include>
                <control type="button" id="10">
                    <label>186</label>
                    <include>DefSettingsOKCancelButton</include>
                </control>

                <control type="button" id="11">
                    <description>Cancel</description>
                    <label>222</label>
                    <include>DefSettingsOKCancelButton</include>
                </control>
                
                <control type="button" id="12">
                    <description>Defaults Button</description>
                    <label>409</label>
                    <include>DefSettingsOKCancelButton</include>
                </control>
            </control>
            
        </control>

        
    </controls>

</window>
