<?xml version="1.0" encoding="UTF-8"?>
<!-- Foundation -->
<window id="6">
    <allowoverlay>yes</allowoverlay>
    <background>0</background>
    <defaultcontrol always="true">50</defaultcontrol>
    <views>50,51,500,53,54,55,56,57,58,59</views>
    <onload condition="Skin.HasSetting(rss.tvnextaired)">RunScript(script.tv.show.next.aired,backend=True)</onload>
    <onload condition="Skin.HasSetting(ActivateTvTunes) + System.HasAddon(script.tvtunes)">XBMC.RunScript(script.tvtunes,backend=True)</onload>
    <controls>
        
        <control type="radiobutton" id="19">
            <description>Filter (hidden)</description>
            <include>HiddenButton</include>
        </control>

        <include>GlobalBackground</include>
        <include>DefLeftSideArrow</include>
        <include>DefMyNavViews</include>
        <include>DefFullScreenNav</include>
        <include>GlobalTopBar</include>
        
        <control type="group">   
            <include>DefMyNavBar</include>  
            <control type="grouplist" id="9000">
                <visible>!Skin.HasSetting(kioskmode)</visible>
                <include>DefMyNavBarGroupList</include>
                
                <control type="button" id="2">
                    <description>View</description>
                    <include>DefNavMenuButton</include>
                </control>
                
                <!-- EXTRA INFO OPTIONS -->
                <control type="togglebutton" id="9003">
                    <include>DefNavMenuButton</include>
                    <onclick>Skin.ToggleSetting(posterview.tvinfo)</onclick>
                    <visible>Container.Content(tvshows) + Control.IsVisible(51)</visible>
                    <label>31150</label>
                    <altlabel>31151</altlabel>
                    <usealttexture>Skin.HasSetting(posterview.tvinfo)</usealttexture>
                    <alttexturefocus>noop</alttexturefocus>
                    <alttexturenofocus>noop</alttexturenofocus>
                </control>
                <control type="togglebutton" id="9004">
                    <include>DefNavMenuButton</include>
                    <onclick>Skin.ToggleSetting(posterview.info)</onclick>
                    <visible>Container.Content(movies) + Control.IsVisible(51)</visible>
                    <label>31150</label>
                    <altlabel>31151</altlabel>
                    <usealttexture>Skin.HasSetting(posterview.info)</usealttexture>
                    <alttexturefocus>noop</alttexturefocus>
                    <alttexturenofocus>noop</alttexturenofocus>
                </control>
                <control type="togglebutton" id="9005">
                    <include>DefNavMenuButton</include>
                    <onclick>Skin.ToggleSetting(listview.tvinfo)</onclick>
                    <visible>Container.Content(tvshows) + Control.IsVisible(50)</visible>
                    <label>31150</label>
                    <altlabel>31151</altlabel>
                    <usealttexture>Skin.HasSetting(listview.tvinfo)</usealttexture>
                    <alttexturefocus>noop</alttexturefocus>
                    <alttexturenofocus>noop</alttexturenofocus>
                </control>
                <control type="togglebutton" id="9006">
                    <include>DefNavMenuButton</include>
                    <onclick>Skin.ToggleSetting(listview.info)</onclick>
                    <visible>Container.Content(movies) + Control.IsVisible(50)</visible>
                    <label>31150</label>
                    <altlabel>31151</altlabel>
                    <usealttexture>Skin.HasSetting(listview.info)</usealttexture>
                    <alttexturefocus>noop</alttexturefocus>
                    <alttexturenofocus>noop</alttexturenofocus>
                </control>
                <control type="togglebutton" id="9007">
                    <include>DefNavMenuButton</include>
                    <onclick>Skin.ToggleSetting(wallview.info)</onclick>
                    <onclick>ReloadSkin()</onclick>
                    <visible>Control.IsVisible(500)</visible>
                    <label>31150</label>
                    <altlabel>31151</altlabel>
                    <usealttexture>Skin.HasSetting(wallview.info)</usealttexture>
                    <alttexturefocus>noop</alttexturefocus>
                    <alttexturenofocus>noop</alttexturenofocus>
                </control>
                
                <control type="togglebutton" id="9008">
                    <include>DefNavMenuButton</include>
                    <onclick>Skin.ToggleSetting(lovefilm.info)</onclick>
                    <visible>Control.IsVisible(54)</visible>
                    <label>31150</label>
                    <altlabel>31151</altlabel>
                    <usealttexture>Skin.HasSetting(lovefilm.info)</usealttexture>
                    <alttexturefocus>noop</alttexturefocus>
                    <alttexturenofocus>noop</alttexturenofocus>
                </control>
                
                <control type="togglebutton" id="9009">
                    <include>DefNavMenuButton</include>
                    <onclick>Skin.ToggleSetting(posterview.labels)</onclick>
                    <visible>Control.IsVisible(51)</visible>
                    <visible>![[Container.Content(artists) | Container.Content(episodes) | [Skin.HasSetting(posterview.tvinfo) + Container.Content(tvshows)] | [Skin.HasSetting(posterview.info) + Container.Content(movies)]] + !stringcompare(ListItem.Label,..)]</visible>
                    <label>31226</label>
                    <altlabel>31227</altlabel>
                    <usealttexture>Skin.HasSetting(posterview.labels)</usealttexture>
                    <alttexturefocus>noop</alttexturefocus>
                    <alttexturenofocus>noop</alttexturenofocus>
                </control>
                
                
      
                <control type="button" id="3">
                    <description>Sort</description>
                    <include>DefNavMenuButton</include>
                </control>
                
                <control type="togglebutton" id="4">
                    <include>DefNavMenuButton</include>
                    <alttexturefocus>noop</alttexturefocus>
                    <alttexturenofocus>noop</alttexturenofocus>
                    <label>584</label>
                    <altlabel>585</altlabel>
                    <usealttexture>Container.SortDirection(Ascending)</usealttexture>
                </control>
                
                <control type="radiobutton" id="9010">
                    <include>DefNavMenuButton</include>
                    <onclick>Skin.ToggleSetting(list.highlight)</onclick>
                    <visible>Control.IsVisible(50) | Control.IsVisible(57) | Control.IsVisible(58) | Control.IsVisible(59)</visible>
                    <label>31279</label>
                    <selected>Skin.HasSetting(list.highlight)</selected>
                </control>
                
                <control type="radiobutton" id="14">
                    <include>DefNavMenuButton</include>
                    <label>20367</label>
                    <selected>System.Setting(hidewatched)</selected>
                    
                </control>
                
                
                
                <control type="button" id="21">
                    <description>Activate Filter</description>
                    <include>DefNavMenuButton</include>
                    <label>$LOCALIZE[587]$INFO[Window.Property(filter),: ,]</label>
                    <onclick>SendClick(videolibrary,19)</onclick>
                    <onclick>SetFocus(50)</onclick>
                    <visible>Container.CanFilter + !Container.CanFilterAdvanced</visible>
                </control>

                <control type="radiobutton" id="98">
                    <visible>Container.CanFilterAdvanced</visible>
                    <description>Filter</description>
                    <include>DefNavMenuButton</include>
                    <label>587</label>
                    <onclick>SetFocus(50)</onclick>
                    <onclick>Filter</onclick>
                    <selected>Container.Filtered</selected>
                    
                </control>
                
                <control type="button" id="9002">
                    <description>Search</description>
                    <include>DefNavMenuButton</include>
                    <onclick>SetFocus(50)</onclick>
                    <onclick>RunScript(script.globalsearch)</onclick>
                    <label>137</label>
                </control>
                
                <control type="togglebutton" id="20" description="Update library">
                    <label>653</label>
                    <altlabel>13353</altlabel>
                    <usealttexture>library.isscanningvideo</usealttexture>
                    <include>DefNavMenuButton</include>
                </control>
                
                <control type="button" id="99">
                    <description>Open Home Jumplist</description>
                    <include>DefNavMenuButton</include>
                    <label>31108</label>
                    <onclick>ActivateWindow(playercontrols)</onclick>
                </control>


                <control type="radiobutton" id="11">
                    <description>Unlock Shares</description>
                    <onclick>xbmc.mastermode</onclick>
                    <visible>system.haslocks</visible>
                    <include>DefNavMenuButton</include>
                    <label>20336</label>
                    
                    <selected>system.ismaster</selected>
                </control>
                
                
                
                <control type="button" id="9091">
                    <description>Video Playlist</description>
                    <include>DefNavMenuButton</include>
                    <label>559</label>
                    <onclick>ActivateWindow(VideoPlaylist)</onclick>
                    <visible>IntegerGreaterThan(Playlist.Length(video),1)</visible>
                </control>
                
                
                <control type="button" id="9001">
                    <description>Fullscreen</description>
                    <include>DefNavMenuButton</include>
                    <label>31158</label>
                    <onclick>Action(fullscreen)</onclick>
                    <visible>Player.HasMedia</visible>
                </control>

            </control>
        </control>

    </controls>

</window>
