<?xml version="1.0" encoding="UTF-8"?>
<window>
    <defaultcontrol always="true">3</defaultcontrol>
    <allowoverlay>yes</allowoverlay>
    <background>0</background>
    <controls>

        <include>GlobalBackground</include>
        <control type="button">
            <posy>540</posy>
            <posx>110</posx>
            <width>48</width>
            <height>48</height>
            <visible>!Window.IsVisible(3065) + !Window.IsVisible(3078)</visible>
            <texturenofocus flipx="true">common/right-arrow.png</texturenofocus>
            <texturefocus flipx="true">common/right-arrow.png</texturefocus>
            <aspectratio>keep</aspectratio>
            <animation effect="fade" end="75" condition="true">Conditional</animation>
            <animation effect="fade" start="0" end="100" delay="200" time="650" reversible="false">WindowOpen</animation>
            <animation effect="fade" start="0" end="100" delay="200" time="650" reversible="false">Visible</animation>
            <animation effect="fade" start="100" end="0" delay="0" time="0" reversible="false">WindowClose</animation>
            <animation effect="fade" start="100" end="0" delay="0" time="0" reversible="false">Hidden</animation>
            <include>DialogVisibility</include>
            <visible>!Window.IsVisible(3067)</visible>
        </control>
   
        <control type="group">
            <posx>horzpad</posx>
            <posy>topoffset</posy>
            <visible>!Window.IsVisible(3065) + !Window.IsVisible(3078)</visible>
            <include>DialogVisibility</include>
            <visible>!Window.IsVisible(3067)</visible>
            <include>Animation.SlideOpen.Left</include>
            <control type="label" id="2" description="Info Label">
                <include>DefSideLabelCoords</include>
                <label>$LOCALIZE[20077]</label>
            </control>
        </control>

        <control type="group">
            <posy>160</posy>
            <animation effect="fade" start="100" end="0" time="400" condition="Window.IsVisible(SliderDialog) | Window.IsVisible(FileBrowser)">Conditional</animation>
            <visible>!Window.IsVisible(3067)</visible>
            <include>DialogVisibility</include>
            <include>Animation.FadeIn</include>
            <include>Animation.FadeOut</include>
            <visible>!Window.IsVisible(3065) + !Window.IsVisible(3078)</visible>
            <include>DefSettingsLines</include>
            <control type="grouplist" id="3">
                <description>Control Area</description>
                <onright>5</onright>
                
                <onup>3</onup>
                <ondown>3</ondown>
                <include>DefSettingsLeftGroup</include>
                <onleft>SetProperty(movement,1,settings)</onleft>
                <onleft>$VAR[DefSettingsOnLeft]</onleft>
                
                <control type="togglebutton" id="37" description="HomeTiles">
                    <label>31208</label>
                    <align>left</align>
                    <textcolor>Disabled</textcolor>
                    <usealttexture>ControlGroup(3).HasFocus(37)</usealttexture>
                    <altlabel>[COLOR=Selected]$LOCALIZE[31208][/COLOR]</altlabel>
                    <alttexturefocus border="12" colordiffuse="PosterHighlight">common/white.png</alttexturefocus>
                    <alttexturenofocus border="12" colordiffuse="PosterHighlight">common/white.png</alttexturenofocus>
                </control>
                <control type="togglebutton" id="35" description="Header">
                    <label>31282</label>
                    <align>left</align>
                    <textcolor>Disabled</textcolor>
                    <usealttexture>ControlGroup(3).HasFocus(35)</usealttexture>
                    <altlabel>[COLOR=Selected]$LOCALIZE[31282][/COLOR]</altlabel>
                    <alttexturefocus border="12" colordiffuse="PosterHighlight">common/white.png</alttexturefocus>
                    <alttexturenofocus border="12" colordiffuse="PosterHighlight">common/white.png</alttexturenofocus>
                </control>
                <control type="togglebutton" id="33" description="Hubs">
                    <label>31281</label>
                    <align>left</align>
                    <textcolor>Disabled</textcolor>
                    <usealttexture>ControlGroup(3).HasFocus(33)</usealttexture>
                    <altlabel>[COLOR=Selected]$LOCALIZE[31281][/COLOR]</altlabel>
                    <alttexturefocus border="12" colordiffuse="PosterHighlight">common/white.png</alttexturefocus>
                    <alttexturenofocus border="12" colordiffuse="PosterHighlight">common/white.png</alttexturenofocus>
                </control>
                
                
                <control type="togglebutton" id="38" description="Fanart">
                    <label>$LOCALIZE[20445]</label>
                    <align>left</align>
                    <textcolor>Disabled</textcolor>
                    <usealttexture>ControlGroup(3).HasFocus(38)</usealttexture>
                    <altlabel>[COLOR=Selected]$LOCALIZE[20445][/COLOR]</altlabel>
                    <alttexturefocus border="12" colordiffuse="PosterHighlight">common/white.png</alttexturefocus>
                    <alttexturenofocus border="12" colordiffuse="PosterHighlight">common/white.png</alttexturenofocus>
                </control>
                
                
                <control type="togglebutton" id="34" description="OSD">
                    <label>478</label>
                    <align>left</align>
                    <textcolor>Disabled</textcolor>
                    <usealttexture>ControlGroup(3).HasFocus(34)</usealttexture>
                    <altlabel>[COLOR=Selected]$LOCALIZE[478][/COLOR]</altlabel>
                    <alttexturefocus border="12" colordiffuse="PosterHighlight">common/white.png</alttexturefocus>
                    <alttexturenofocus border="12" colordiffuse="PosterHighlight">common/white.png</alttexturenofocus>
                </control>
                
                
                
                
                <control type="togglebutton" id="36" description="Extras">
                    <label>31235</label>
                    <align>left</align>
                    <textcolor>Disabled</textcolor>
                    <usealttexture>ControlGroup(3).HasFocus(36)</usealttexture>
                    <altlabel>[COLOR=Selected]$LOCALIZE[31235][/COLOR]</altlabel>
                    <alttexturefocus border="12" colordiffuse="PosterHighlight">common/white.png</alttexturefocus>
                    <alttexturenofocus border="12" colordiffuse="PosterHighlight">common/white.png</alttexturenofocus>
                </control>
                <control type="togglebutton" id="32" description="Carousel">
                    <label>31202</label>
                    <align>left</align>
                    <textcolor>Disabled</textcolor>
                    <usealttexture>ControlGroup(3).HasFocus(32)</usealttexture>
                    <altlabel>[COLOR=Selected]$LOCALIZE[31202][/COLOR]</altlabel>
                    <alttexturefocus border="12" colordiffuse="PosterHighlight">common/white.png</alttexturefocus>
                    <alttexturenofocus border="12" colordiffuse="PosterHighlight">common/white.png</alttexturenofocus>
                </control>
                <control type="togglebutton" id="39" description="Advanced">
                    <label>31234</label>
                    <align>left</align>
                    <textcolor>Disabled</textcolor>
                    <usealttexture>ControlGroup(3).HasFocus(39)</usealttexture>
                    <altlabel>[COLOR=Selected]$LOCALIZE[31234][/COLOR]</altlabel>
                    <alttexturefocus border="12" colordiffuse="PosterHighlight">common/white.png</alttexturefocus>
                    <alttexturenofocus border="12" colordiffuse="PosterHighlight">common/white.png</alttexturenofocus>
                </control>
            </control>
            
            <control type="textbox">
                <include>Animation.FadeIn</include>
                <include>Animation.FadeOut</include>
                <posx>235</posx>
                <width>globalw</width>
                <posy>685</posy>
                <height>100</height>
                <align>justify</align>
                <font>Font-ListInfo-Small</font>
                <textcolor>Disabled</textcolor>
                <label>$VAR[SkinSettingsDescription]</label>
            </control>

            <control type="grouplist" id="5">
                <usecontrolcoords>true</usecontrolcoords>
                <description>Control Area</description>
                <include>DefSettingsRightGroup</include>
                <onleft>3</onleft>
                <onright>ClearProperty(movement,settings)</onright>
                <onright>$VAR[DefSettingsOnRight]</onright>
                <onup>5</onup>
                <ondown>5</ondown>
               
                <!-- Home Tiles -->
                <control type="button" id="201" description="Customise Home">
                    <label>31164</label>
                    <align>left</align>
                    <font>Font-ListInfo</font>
                    <onclick>ActivateWindow(3063)</onclick>
                    <visible>ControlGroup(3).HasFocus(37)</visible>
                    <texturefocus border="12" colordiffuse="PosterHighlight">common/white.png</texturefocus>
                </control>
                
                <control type="button" id="202" description="Global Widget">
                    <label>31209</label>
                    <align>left</align>
                    <font>Font-ListInfo</font>
                    <onclick>Skin.SetBool(home.usemixedglobalwidget)</onclick>
                    <onclick>ActivateWindow(3078)</onclick>
                    <label2>$VAR[SkinSettings.MixedWidget]</label2>
                    <visible>ControlGroup(3).HasFocus(37)</visible>
                    <texturefocus border="12" colordiffuse="PosterHighlight">common/white.png</texturefocus>
                </control>
                
                <control type="radiobutton" id="203" description="Show Widget Info">
                    <label>31198</label>
                    <align>left</align>
                    <font>Font-ListInfo</font>
                    <onclick>Skin.ToggleSetting(home.showinfoonwidget)</onclick>
                    <selected>Skin.HasSetting(home.showinfoonwidget)</selected>
                    <visible>ControlGroup(3).HasFocus(37)</visible>
                    <texturefocus border="12" colordiffuse="PosterHighlight">common/white.png</texturefocus>
                </control>
                
                <control type="radiobutton" id="204" description="Tiles Match Theme">
                    <label>31206</label>
                    <align>left</align>
                    <font>Font-ListInfo</font>
                    <onclick>Skin.ToggleSetting(home.monochromemode)</onclick>
                    <selected>Skin.HasSetting(home.monochromemode)</selected>
                    <enable>!Skin.HasSetting(home.talltiles)</enable>
                    <visible>ControlGroup(3).HasFocus(37)</visible>
                    <texturefocus border="12" colordiffuse="PosterHighlight">common/white.png</texturefocus>
                </control>
                
                <control type="radiobutton" id="205" description="Highlight Match Tile">
                    <label>31204</label>
                    <align>left</align>
                    <font>Font-ListInfo</font>
                    <onclick>Skin.ToggleSetting(home.matchcolor)</onclick>
                    <selected>Skin.HasSetting(home.matchcolor)</selected>
                    <enable>!Skin.HasSetting(home.talltiles) + !Skin.HasSetting(home.monochromemode)</enable>
                    <visible>ControlGroup(3).HasFocus(37)</visible>
                    <texturefocus border="12" colordiffuse="PosterHighlight">common/white.png</texturefocus>
                </control>
                
                <control type="radiobutton" id="206" description="Fade Tiles">
                    <label>31205</label>
                    <align>left</align>
                    <font>Font-ListInfo</font>
                    <onclick>Skin.ToggleSetting(home.dontfade)</onclick>
                    <enable>!Skin.HasSetting(home.talltiles) + !Skin.HasSetting(home.monochromemode)</enable>
                    <selected>Skin.HasSetting(home.dontfade)</selected>
                    <visible>ControlGroup(3).HasFocus(37)</visible>
                    <texturefocus border="12" colordiffuse="PosterHighlight">common/white.png</texturefocus>
                </control>
                
                <control type="radiobutton" id="207" description="Show Power">
                    <label>31217</label>
                    <align>left</align>
                    <font>Font-ListInfo</font>
                    <onclick>Skin.ToggleSetting(home.314.enabled)</onclick>
                    <selected>Skin.HasSetting(home.314.enabled)</selected>
                    <visible>ControlGroup(3).HasFocus(37)</visible>
                    <texturefocus border="12" colordiffuse="PosterHighlight">common/white.png</texturefocus>
                </control>
                
                <control type="button" id="208" description="Home Background">
                    <label>31149</label>
                    <align>left</align>
                    <font>Font-ListInfo</font>
                    <label2>$INFO[Skin.String(home.fanart)]</label2>
                    <onclick>Skin.SetPath(home.fanart)</onclick>
                    <enable>!Skin.HasSetting(home.usemixedglobalwidget)</enable>
                    <visible>ControlGroup(3).HasFocus(37)</visible>
                    <texturefocus border="12" colordiffuse="PosterHighlight">common/white.png</texturefocus>
                </control>
                
                
                <!-- Carousel Widgets -->

                <control type="radiobutton" id="301" description="Enable carousel">
                    <label>31195</label>
                    <align>left</align>
                    <font>Font-ListInfo</font>
                    <onclick>Skin.ToggleSetting(home.widgetdown)</onclick>
                    <selected>!Skin.HasSetting(home.widgetdown)</selected>
                    <visible>ControlGroup(3).HasFocus(32)</visible>
                    <texturefocus border="12" colordiffuse="PosterHighlight">common/white.png</texturefocus>
                </control>
                
                <control type="radiobutton" id="302" description="Carousel in own window">
                    <label>31238</label>
                    <align>left</align>
                    <font>Font-ListInfo</font>
                    <onclick>Skin.ToggleSetting(widget.window)</onclick>
                    <selected>Skin.HasSetting(widget.window)</selected>
                    <visible>ControlGroup(3).HasFocus(32)</visible>
                    <texturefocus border="12" colordiffuse="PosterHighlight">common/white.png</texturefocus>
                </control>
                
                <control type="radiobutton" id="303" description="Invert access to widgets">
                    <label>31237</label>
                    <align>left</align>
                    <font>Font-ListInfo</font>
                    <onclick>Skin.ToggleSetting(home.invertwidgets)</onclick>
                    <selected>Skin.HasSetting(home.invertwidgets)</selected>
                    <visible>ControlGroup(3).HasFocus(32)</visible>
                    <texturefocus border="12" colordiffuse="PosterHighlight">common/white.png</texturefocus>
                </control>
                
                <control type="button" id="304" description="Widget Carousel Item">
                    <label>$LOCALIZE[31222] $NUMBER[1]</label>
                    <align>left</align>
                    <font>Font-ListInfo</font>
                    <onclick>SetProperty(item,home.501,3065)</onclick>
                    <onclick>ActivateWindow(3065)</onclick>
                    <visible>ControlGroup(3).HasFocus(32)</visible>
                    <texturefocus border="12" colordiffuse="PosterHighlight">common/white.png</texturefocus>
                </control>
                
                <control type="button" id="305" description="Widget Carousel Item">
                    <label>$LOCALIZE[31222] $NUMBER[2]</label>
                    <align>left</align>
                    <font>Font-ListInfo</font>
                    <onclick>SetProperty(item,home.502,3065)</onclick>
                    <onclick>ActivateWindow(3065)</onclick>
                    <visible>ControlGroup(3).HasFocus(32)</visible>
                    <texturefocus border="12" colordiffuse="PosterHighlight">common/white.png</texturefocus>
                </control>
                
                <control type="button" id="306" description="Widget Carousel Item">
                    <label>$LOCALIZE[31222] $NUMBER[3]</label>
                    <align>left</align>
                    <font>Font-ListInfo</font>
                    <onclick>SetProperty(item,home.503,3065)</onclick>
                    <onclick>ActivateWindow(3065)</onclick>
                    <visible>ControlGroup(3).HasFocus(32)</visible>
                    <texturefocus border="12" colordiffuse="PosterHighlight">common/white.png</texturefocus>
                </control>
                
                <control type="button" id="307" description="Widget Carousel Item">
                    <label>$LOCALIZE[31222] $NUMBER[4]</label>
                    <align>left</align>
                    <font>Font-ListInfo</font>
                    <onclick>SetProperty(item,home.504,3065)</onclick>
                    <onclick>ActivateWindow(3065)</onclick>
                    <visible>ControlGroup(3).HasFocus(32)</visible>
                    <texturefocus border="12" colordiffuse="PosterHighlight">common/white.png</texturefocus>
                </control>
               
                <!-- Movies Hub -->
                <control type="label" id="400">
                    <posx>25</posx>
                    <label>20342</label>
                    <align>left</align>
                    <textcolor>Highlight</textcolor>
                    <font>Font-Button</font>
                    <visible>ControlGroup(3).HasFocus(33)</visible>
                </control>
                
                <control type="button" id="401" description="Movie Hub Widget">
                    <label>31141</label>
                    <label2>$VAR[MovieWidgetLabel]</label2>
                    <align>left</align>
                    <font>Font-ListInfo</font>
                    <onclick condition="!stringcompare(Skin.String(movie.widget),path) + !stringcompare(Skin.String(movie.widget),playlist) + !stringcompare(Skin.String(movie.widget),recommended)">Skin.SetString(movie.widget,recommended)</onclick>
                    <onclick condition="stringcompare(Skin.String(movie.widget),path)">Skin.SetString(movie.widget,random)</onclick>
                    <onclick condition="stringcompare(Skin.String(movie.widget),playlist)">Skin.SetString(movie.widget,path)</onclick>
                    <onclick condition="stringcompare(Skin.String(movie.widget),recommended)">Skin.SetString(movie.widget,playlist)</onclick>
                    
                    <visible>ControlGroup(3).HasFocus(33)</visible>
                    <texturefocus border="12" colordiffuse="PosterHighlight">common/white.png</texturefocus>
                </control>
                
                <control type="button" id="402" description="Movie Hub Playlist">
                    <label>  -  $LOCALIZE[31283]</label>
                    <label2>$INFO[Skin.String(movie.widget.playlist)]</label2>
                    <align>left</align>
                    <font>Font-ListInfo</font>
                    <onclick condition="stringcompare(Skin.String(movie.widget),playlist)">Skin.SetFile(movie.widget.playlist,.xsp|.m3u,special://profile/playlists/video/)</onclick>
                    <onclick condition="stringcompare(Skin.String(movie.widget),path)">Skin.SetString(movie.widget.playlist)</onclick>
                    <visible>ControlGroup(3).HasFocus(33)</visible>
                    <enable>stringcompare(Skin.String(movie.widget),playlist) | stringcompare(Skin.String(movie.widget),path)</enable>
                    <texturefocus border="12" colordiffuse="PosterHighlight">common/white.png</texturefocus>
                </control>
                
                <control type="button" id="403">
                    <label>$LOCALIZE[31186] 1</label>
                    <label2>$INFO[Skin.String(moviehub.1.Label)]</label2>
                    <onclick>SetProperty(item,moviehub.1,3067)</onclick>
                    <onclick>ActivateWindow(3067)</onclick>
                    <align>left</align>
                    <font>Font-ListInfo</font>
                    <visible>ControlGroup(3).HasFocus(33)</visible>
                    <texturefocus border="12" colordiffuse="PosterHighlight">common/white.png</texturefocus>
                </control>
                
                <control type="button" id="404">
                    <label>$LOCALIZE[31186] 2</label>
                    <label2>$INFO[Skin.String(moviehub.2.Label)]</label2>
                    <onclick>SetProperty(item,moviehub.2,3067)</onclick>
                    <onclick>ActivateWindow(3067)</onclick>
                    <align>left</align>
                    <font>Font-ListInfo</font>
                    <visible>ControlGroup(3).HasFocus(33)</visible>
                    <texturefocus border="12" colordiffuse="PosterHighlight">common/white.png</texturefocus>
                </control>
                
                <control type="button" id="405">
                    <label>$LOCALIZE[31186] 3</label>
                    <label2>$INFO[Skin.String(moviehub.3.Label)]</label2>
                    <onclick>SetProperty(item,moviehub.3,3067)</onclick>
                    <onclick>ActivateWindow(3067)</onclick>
                    <align>left</align>
                    <font>Font-ListInfo</font>
                    <visible>ControlGroup(3).HasFocus(33)</visible>
                    <texturefocus border="12" colordiffuse="PosterHighlight">common/white.png</texturefocus>
                </control>
                
                <control type="button" id="406">
                    <label>$LOCALIZE[31186] 4</label>
                    <label2>$INFO[Skin.String(moviehub.4.Label)]</label2>
                    <onclick>SetProperty(item,moviehub.4,3067)</onclick>
                    <onclick>ActivateWindow(3067)</onclick>
                    <align>left</align>
                    <font>Font-ListInfo</font>
                    <visible>ControlGroup(3).HasFocus(33)</visible>
                    <texturefocus border="12" colordiffuse="PosterHighlight">common/white.png</texturefocus>
                </control>
               
                <control type="button" id="407">
                    <label>$LOCALIZE[31186] 5</label>
                    <label2>$INFO[Skin.String(moviehub.5.Label)]</label2>
                    <onclick>SetProperty(item,moviehub.5,3067)</onclick>
                    <onclick>ActivateWindow(3067)</onclick>
                    <align>left</align>
                    <font>Font-ListInfo</font>
                    <visible>ControlGroup(3).HasFocus(33)</visible>
                    <texturefocus border="12" colordiffuse="PosterHighlight">common/white.png</texturefocus>
                </control>
                
                <control type="button" id="408">
                    <label>$LOCALIZE[31186] 6</label>
                    <label2>$INFO[Skin.String(moviehub.6.Label)]</label2>
                    <onclick>SetProperty(item,moviehub.6,3067)</onclick>
                    <onclick>ActivateWindow(3067)</onclick>
                    <align>left</align>
                    <font>Font-ListInfo</font>
                    <visible>ControlGroup(3).HasFocus(33)</visible>
                    <texturefocus border="12" colordiffuse="PosterHighlight">common/white.png</texturefocus>
                </control>
                
                <control type="button" id="409">
                    <ondown>411</ondown>
                    <label>$LOCALIZE[31186] 7</label>
                    <label2>$INFO[Skin.String(moviehub.7.Label)]</label2>
                    <onclick>SetProperty(item,moviehub.7,3067)</onclick>
                    <onclick>ActivateWindow(3067)</onclick>
                    <align>left</align>
                    <font>Font-ListInfo</font>
                    <visible>ControlGroup(3).HasFocus(33)</visible>
                    <texturefocus border="12" colordiffuse="PosterHighlight">common/white.png</texturefocus>
                </control>
                
                
                <!-- TVshow Hub -->
                <control type="label" id="410">
                    <posx>25</posx>
                    <label>20343</label>
                    <align>left</align>
                    <textcolor>Highlight</textcolor>
                    <font>Font-Button</font>
                    <visible>ControlGroup(3).HasFocus(33)</visible>
                </control>
                
                <control type="button" id="411">
                    <onup>409</onup>
                    <label>31142</label>
                    <label2>$VAR[TvShowWidgetLabel]</label2>
                    <align>left</align>
                    <font>Font-ListInfo</font>
                    <onclick condition="!stringcompare(Skin.String(tvshow.widget),path) + !stringcompare(Skin.String(tvshow.widget),playlist) + !stringcompare(Skin.String(tvshow.widget),recommended)">Skin.SetString(tvshow.widget,recommended)</onclick>
                    <onclick condition="stringcompare(Skin.String(tvshow.widget),path)">Skin.SetString(tvshow.widget,random)</onclick>
                    <onclick condition="stringcompare(Skin.String(tvshow.widget),playlist)">Skin.SetString(tvshow.widget,path)</onclick>
                    <onclick condition="stringcompare(Skin.String(tvshow.widget),recommended)">Skin.SetString(tvshow.widget,playlist)</onclick>
                    
                    <visible>ControlGroup(3).HasFocus(33)</visible>
                    <texturefocus border="12" colordiffuse="PosterHighlight">common/white.png</texturefocus>
                </control>
                
                <control type="button" id="412">
                    <label>  -  $LOCALIZE[31283]</label>
                    <label2>$INFO[Skin.String(tvshow.widget.playlist)]</label2>
                    <align>left</align>
                    <font>Font-ListInfo</font>
                    <onclick condition="stringcompare(Skin.String(tvshow.widget),playlist)">Skin.SetFile(tvshow.widget.playlist,.xsp|.m3u,special://profile/playlists/video/)</onclick>
                    <onclick condition="stringcompare(Skin.String(tvshow.widget),path)">Skin.SetString(tvshow.widget.playlist)</onclick>
                    <visible>ControlGroup(3).HasFocus(33)</visible>
                    <enable>stringcompare(Skin.String(tvshow.widget),playlist) | stringcompare(Skin.String(tvshow.widget),path)</enable>
                    <texturefocus border="12" colordiffuse="PosterHighlight">common/white.png</texturefocus>
                </control>
                
                <control type="button" id="413">
                    <label>$LOCALIZE[31186] 1</label>
                    <label2>$INFO[Skin.String(tvshowhub.1.Label)]</label2>
                    <onclick>SetProperty(item,tvshowhub.1,3067)</onclick>
                    <onclick>ActivateWindow(3067)</onclick>
                    <align>left</align>
                    <font>Font-ListInfo</font>
                    <visible>ControlGroup(3).HasFocus(33)</visible>
                    <texturefocus border="12" colordiffuse="PosterHighlight">common/white.png</texturefocus>
                </control>
                
                <control type="button" id="414">
                    <label>$LOCALIZE[31186] 2</label>
                    <label2>$INFO[Skin.String(tvshowhub.2.Label)]</label2>
                    <onclick>SetProperty(item,tvshowhub.2,3067)</onclick>
                    <onclick>ActivateWindow(3067)</onclick>
                    <align>left</align>
                    <font>Font-ListInfo</font>
                    <visible>ControlGroup(3).HasFocus(33)</visible>
                    <texturefocus border="12" colordiffuse="PosterHighlight">common/white.png</texturefocus>
                </control>
                
                <control type="button" id="415">
                    <label>$LOCALIZE[31186] 3</label>
                    <label2>$INFO[Skin.String(tvshowhub.3.Label)]</label2>
                    <onclick>SetProperty(item,tvshowhub.3,3067)</onclick>
                    <onclick>ActivateWindow(3067)</onclick>
                    <align>left</align>
                    <font>Font-ListInfo</font>
                    <visible>ControlGroup(3).HasFocus(33)</visible>
                    <texturefocus border="12" colordiffuse="PosterHighlight">common/white.png</texturefocus>
                </control>
                
                <control type="button" id="416">
                    <label>$LOCALIZE[31186] 4</label>
                    <label2>$INFO[Skin.String(tvshowhub.4.Label)]</label2>
                    <onclick>SetProperty(item,tvshowhub.4,3067)</onclick>
                    <onclick>ActivateWindow(3067)</onclick>
                    <align>left</align>
                    <font>Font-ListInfo</font>
                    <visible>ControlGroup(3).HasFocus(33)</visible>
                    <texturefocus border="12" colordiffuse="PosterHighlight">common/white.png</texturefocus>
                </control>
                
                <control type="button" id="417">
                    <label>$LOCALIZE[31186] 5</label>
                    <label2>$INFO[Skin.String(tvshowhub.5.Label)]</label2>
                    <onclick>SetProperty(item,tvshowhub.5,3067)</onclick>
                    <onclick>ActivateWindow(3067)</onclick>
                    <align>left</align>
                    <font>Font-ListInfo</font>
                    <visible>ControlGroup(3).HasFocus(33)</visible>
                    <texturefocus border="12" colordiffuse="PosterHighlight">common/white.png</texturefocus>
                </control>
                
                <control type="button" id="418">
                    <label>$LOCALIZE[31186] 6</label>
                    <label2>$INFO[Skin.String(tvshowhub.6.Label)]</label2>
                    <onclick>SetProperty(item,tvshowhub.6,3067)</onclick>
                    <onclick>ActivateWindow(3067)</onclick>
                    <align>left</align>
                    <font>Font-ListInfo</font>
                    <visible>ControlGroup(3).HasFocus(33)</visible>
                    <texturefocus border="12" colordiffuse="PosterHighlight">common/white.png</texturefocus>
                </control>
                
                <control type="button" id="419">
                    <ondown>423</ondown>
                    <label>$LOCALIZE[31186] 7</label>
                    <label2>$INFO[Skin.String(tvshowhub.7.Label)]</label2>
                    <onclick>SetProperty(item,tvshowhub.7,3067)</onclick>
                    <onclick>ActivateWindow(3067)</onclick>
                    <align>left</align>
                    <font>Font-ListInfo</font>
                    <visible>ControlGroup(3).HasFocus(33)</visible>
                    <texturefocus border="12" colordiffuse="PosterHighlight">common/white.png</texturefocus>
                </control>
                
                
                <!-- Music Hub -->
                <control type="label" id="420">
                    <posx>25</posx>
                    <label>2</label>
                    <align>left</align>
                    <textcolor>Highlight</textcolor>
                    <font>Font-Button</font>
                    <visible>ControlGroup(3).HasFocus(33)</visible>
                </control>
                
                <control type="button" id="423">
                    <onup>419</onup>
                    <label>$LOCALIZE[31186] 1</label>
                    <label2>$INFO[Skin.String(musichub.1.Label)]</label2>
                    <onclick>SetProperty(item,musichub.1,3067)</onclick>
                    <onclick>ActivateWindow(3067)</onclick>
                    <align>left</align>
                    <font>Font-ListInfo</font>
                    <visible>ControlGroup(3).HasFocus(33)</visible>
                    <texturefocus border="12" colordiffuse="PosterHighlight">common/white.png</texturefocus>
                </control>
                
                <control type="button" id="424">
                    <label>$LOCALIZE[31186] 2</label>
                    <label2>$INFO[Skin.String(musichub.2.Label)]</label2>
                    <onclick>SetProperty(item,musichub.2,3067)</onclick>
                    <onclick>ActivateWindow(3067)</onclick>
                    <align>left</align>
                    <font>Font-ListInfo</font>
                    <visible>ControlGroup(3).HasFocus(33)</visible>
                    <texturefocus border="12" colordiffuse="PosterHighlight">common/white.png</texturefocus>
                </control>
                
                <control type="button" id="425">
                    <label>$LOCALIZE[31186] 3</label>
                    <label2>$INFO[Skin.String(musichub.3.Label)]</label2>
                    <onclick>SetProperty(item,musichub.3,3067)</onclick>
                    <onclick>ActivateWindow(3067)</onclick>
                    <align>left</align>
                    <font>Font-ListInfo</font>
                    <visible>ControlGroup(3).HasFocus(33)</visible>
                    <texturefocus border="12" colordiffuse="PosterHighlight">common/white.png</texturefocus>
                </control>
                
                <control type="button" id="426">
                    <label>$LOCALIZE[31186] 4</label>
                    <label2>$INFO[Skin.String(musichub.4.Label)]</label2>
                    <onclick>SetProperty(item,musichub.4,3067)</onclick>
                    <onclick>ActivateWindow(3067)</onclick>
                    <align>left</align>
                    <font>Font-ListInfo</font>
                    <visible>ControlGroup(3).HasFocus(33)</visible>
                    <texturefocus border="12" colordiffuse="PosterHighlight">common/white.png</texturefocus>
                </control>
                
                <control type="button" id="427">
                    <label>$LOCALIZE[31186] 5</label>
                    <label2>$INFO[Skin.String(musichub.5.Label)]</label2>
                    <onclick>SetProperty(item,musichub.5,3067)</onclick>
                    <onclick>ActivateWindow(3067)</onclick>
                    <align>left</align>
                    <font>Font-ListInfo</font>
                    <visible>ControlGroup(3).HasFocus(33)</visible>
                    <texturefocus border="12" colordiffuse="PosterHighlight">common/white.png</texturefocus>
                </control>
                
                <control type="button" id="428">
                    <label>$LOCALIZE[31186] 6</label>
                    <label2>$INFO[Skin.String(musichub.6.Label)]</label2>
                    <onclick>SetProperty(item,musichub.6,3067)</onclick>
                    <onclick>ActivateWindow(3067)</onclick>
                    <align>left</align>
                    <font>Font-ListInfo</font>
                    <visible>ControlGroup(3).HasFocus(33)</visible>
                    <texturefocus border="12" colordiffuse="PosterHighlight">common/white.png</texturefocus>
                </control>
                
                <control type="button" id="429">
                    <ondown>401</ondown>
                    <label>$LOCALIZE[31186] 7</label>
                    <label2>$INFO[Skin.String(musichub.7.Label)]</label2>
                    <onclick>SetProperty(item,musichub.7,3067)</onclick>
                    <onclick>ActivateWindow(3067)</onclick>
                    <align>left</align>
                    <font>Font-ListInfo</font>
                    <visible>ControlGroup(3).HasFocus(33)</visible>
                    <texturefocus border="12" colordiffuse="PosterHighlight">common/white.png</texturefocus>
                </control>
                
                <!-- FANART -->
                <control type="radiobutton" id="601" description="Show Fanart">
                    <label>31146</label>
                    <align>left</align>
                    <font>Font-ListInfo</font>
                    <onclick>Skin.ToggleSetting(disable.fanart)</onclick>
                    <selected>!Skin.HasSetting(disable.fanart)</selected>
                    <visible>ControlGroup(3).HasFocus(38)</visible>
                    <texturefocus border="12" colordiffuse="PosterHighlight">common/white.png</texturefocus>
                </control>
                
                <control type="button" id="602" description="Fanart Fade">
                    <label>31185</label>
                    <label2>$VAR[FanartFadeLabel]</label2>
                    <align>left</align>
                    <font>Font-ListInfo</font>
                    <onclick condition="!Skin.HasSetting(fanart.showmore)">Skin.SetBool(fanart.showmore)</onclick>
                    <onclick condition="Skin.HasSetting(fanart.showmore) + !Skin.HasSetting(fanart.showall)">Skin.SetBool(fanart.showall)</onclick>
                    <onclick condition="Skin.HasSetting(fanart.showall)">Skin.Reset(fanart.showmore)</onclick>
                    <onclick condition="Skin.HasSetting(fanart.showall)">Skin.Reset(fanart.showall)</onclick>
                    <visible>ControlGroup(3).HasFocus(38)</visible>
                    <texturefocus border="12" colordiffuse="PosterHighlight">common/white.png</texturefocus>
                    <enable>!Skin.HasSetting(disable.fanart)</enable>
                </control>
                
                <control type="radiobutton" id="603" description="Fanart Animate">
                    <label>31230</label>
                    <align>left</align>
                    <font>Font-ListInfo</font>
                    <onclick>Skin.ToggleSetting(Fanart.Animate)</onclick>
                    <selected>Skin.HasSetting(Fanart.Animate)</selected>
                    <visible>ControlGroup(3).HasFocus(38)</visible>
                    <texturefocus border="12" colordiffuse="PosterHighlight">common/white.png</texturefocus>
                </control>
                
                <control type="radiobutton" id="604" description="Show Video">
                    <label>31145</label>                   
                    <align>left</align>
                    <font>Font-ListInfo</font>
                    <onclick>Skin.ToggleSetting(disable.bgvideo)</onclick>
                    <selected>!Skin.HasSetting(disable.bgvideo)</selected>
                    <visible>ControlGroup(3).HasFocus(38)</visible>
                    <texturefocus border="12" colordiffuse="PosterHighlight">common/white.png</texturefocus>
                </control>
                
                <control type="radiobutton" id="606" description="Time Based Colour Background">
                    <label>31218</label>
                    <align>left</align>
                    <font>Font-ListInfo</font>
                    <onclick>Skin.ToggleSetting(purplefade)</onclick>
                    <selected>Skin.HasSetting(purplefade)</selected>
                    <visible>ControlGroup(3).HasFocus(38)</visible>
                    <texturefocus border="12" colordiffuse="PosterHighlight">common/white.png</texturefocus>
                </control>
                
                <control type="button" id="607" description="Background Overlay">
                    <label>31228</label>
                    <align>left</align>
                    <font>Font-ListInfo</font>
                    <label2>$INFO[Skin.String(global.background)]</label2>
                    <enable>!Skin.HasSetting(purplefade)</enable>
                    <onclick condition="IsEmpty(Skin.String(global.background))">SetProperty(showimages,1,home)</onclick>
                    <onclick condition="IsEmpty(Skin.String(global.background))">Skin.SetFile(global.background,.jpg|.png|.bmp|.gif,special://skin/extras/colours/)</onclick>
                    <onclick condition="!IsEmpty(Skin.String(global.background))">Skin.Reset(global.background)</onclick>
                    <visible>ControlGroup(3).HasFocus(38)</visible>
                    <texturefocus border="12" colordiffuse="PosterHighlight">common/white.png</texturefocus>
                </control>
                
                <control type="button" id="605" description="Background Image">
                    <label>31210</label>
                    <align>left</align>
                    <font>Font-ListInfo</font>
                    <enable>!Skin.HasSetting(disable.fanart)</enable>
                    <label2>$INFO[Skin.String(global.background2)]</label2>
                    <onclick condition="IsEmpty(Skin.String(global.background2))">SetProperty(showimages,1,home)</onclick>
                    <onclick condition="IsEmpty(Skin.String(global.background2))">Skin.SetFile(global.background2,.jpg|.png|.bmp|.gif,special://skin/extras/backgrounds/)</onclick>
                    <onclick condition="!IsEmpty(Skin.String(global.background2))">Skin.Reset(global.background2)</onclick>
                    <visible>ControlGroup(3).HasFocus(38)</visible>
                    <texturefocus border="12" colordiffuse="PosterHighlight">common/white.png</texturefocus>
                </control>

                <control type="button" id="608" description="Weather Fanart">
                    <label>31138</label>
                    <align>left</align>
                    <font>Font-ListInfo</font>
                    <onclick>Skin.SetPath(weather.fanart)</onclick>
                    <visible>ControlGroup(3).HasFocus(38)</visible>
                    <texturefocus border="12" colordiffuse="PosterHighlight">common/white.png</texturefocus>
                </control>
                                
                <!-- OSD -->
                <control type="radiobutton" id="701" description="Artist Slideshow">
                    <label>31139</label>
                    <align>left</align>
                    <font>Font-ListInfo</font>
                    <enable>System.HasAddon(script.artistslideshow)</enable>
                    <animation effect="fade" start="100" end="25" time="150" condition="!Control.IsEnabled(701)">Conditional</animation>
                    <onclick>Skin.ToggleSetting(ArtistSlideShow.Enabled)</onclick>
                    <selected>Skin.HasSetting(ArtistSlideShow.Enabled)</selected>
                    <visible>ControlGroup(3).HasFocus(34)</visible>
                    <texturefocus border="12" colordiffuse="PosterHighlight">common/white.png</texturefocus>
                </control>
                
                <control type="radiobutton" id="702" description="Show Vis Behind">
                    <label>$LOCALIZE[31140]</label>
                    <align>left</align>
                    <font>Font-ListInfo</font>
                    <disabledcolor>PanelFG-NF</disabledcolor>
                    <onclick>Skin.ToggleSetting(OSDVisualisation.ShowFanart)</onclick>
                    <selected>Skin.HasSetting(OSDVisualisation.ShowFanart)</selected>
                    <visible>ControlGroup(3).HasFocus(34)</visible>
                    <enable>System.HasAddon(script.artistslideshow) + Skin.HasSetting(ArtistSlideShow.Enabled)</enable>
                    <animation effect="fade" start="100" end="25" time="150" condition="!Control.IsEnabled(702)">Conditional</animation>
                    <texturefocus border="12" colordiffuse="PosterHighlight">common/white.png</texturefocus>
                </control>
                
                <control type="radiobutton" id="703" description="Pvr Icon">
                    <label>31161</label>
                    <align>left</align>
                    <font>Font-ListInfo</font>
                    <onclick>Skin.ToggleSetting(disable.pvricon)</onclick>
                    <selected>!Skin.HasSetting(disable.pvricon)</selected>
                    <visible>ControlGroup(3).HasFocus(34)</visible>
                    <texturefocus border="12" colordiffuse="PosterHighlight">common/white.png</texturefocus>
                </control>
                
                <control type="radiobutton" id="704" description="Show Info">
                    <label>31162</label>
                    <align>left</align>
                    <font>Font-ListInfo</font>
                    <onclick>Skin.ToggleSetting(showdetailedosdinfo)</onclick>
                    <selected>Skin.HasSetting(showdetailedosdinfo)</selected>
                    <visible>ControlGroup(3).HasFocus(34)</visible>
                    <texturefocus border="12" colordiffuse="PosterHighlight">common/white.png</texturefocus>
                </control>
                
                <control type="radiobutton" id="706" description="Show Info Classic">
                    <label>31284</label>
                    <align>left</align>
                    <font>Font-ListInfo</font>
                    <onclick>Skin.ToggleSetting(osd.useclassicinfo)</onclick>
                    <selected>!Skin.HasSetting(osd.useclassicinfo)</selected>
                    <visible>ControlGroup(3).HasFocus(34)</visible>
                    <texturefocus border="12" colordiffuse="PosterHighlight">common/white.png</texturefocus>
                </control>
                
                <control type="radiobutton" id="705" description="Show Clearart">
                    <label>31216</label>
                    <align>left</align>
                    <font>Font-ListInfo</font>
                    <onclick>Skin.ToggleSetting(hide.clearartosd)</onclick>
                    <selected>!Skin.HasSetting(hide.clearartosd)</selected>
                    <visible>ControlGroup(3).HasFocus(34)</visible>
                    <texturefocus border="12" colordiffuse="PosterHighlight">common/white.png</texturefocus>
                </control>
                
                <!-- HEADER OPTIONS -->
                <control type="button" id="801" description="Change Header Default Text">
                    <label>31236</label>
                    <align>left</align>
                    <font>Font-ListInfo</font>
                    <label2>$INFO[Skin.String(home.headertext)]</label2>
                    <onclick condition="IsEmpty(Skin.String(home.headertext))">Skin.SetString(home.headertext)</onclick>
                    <onclick condition="!IsEmpty(Skin.String(home.headertext))">Skin.Reset(home.headertext)</onclick>
                    <visible>ControlGroup(3).HasFocus(35)</visible>
                    <texturefocus border="12" colordiffuse="PosterHighlight">common/white.png</texturefocus>
                </control>
                
                <control type="radiobutton" id="802" description="Header to Theme Colour">
                    <label>31240</label>
                    <align>left</align>
                    <font>Font-ListInfo</font>
                    <onclick>Skin.ToggleSetting(header.matchhighlight)</onclick>
                    <selected>Skin.HasSetting(header.matchhighlight)</selected>
                    <visible>ControlGroup(3).HasFocus(35)</visible>
                    <texturefocus border="12" colordiffuse="PosterHighlight">common/white.png</texturefocus>
                </control>
                
                <control type="radiobutton" id="821" description="Disable Clock">
                    <label>31286</label>
                    <align>left</align>
                    <font>Font-ListInfo</font>
                    <onclick>Skin.ToggleSetting(disable.clockheader)</onclick>
                    <selected>!Skin.HasSetting(disable.clockheader)</selected>
                    <visible>ControlGroup(3).HasFocus(35)</visible>
                    <texturefocus border="12" colordiffuse="PosterHighlight">common/white.png</texturefocus>
                </control>
                
                <control type="radiobutton" id="808" description="Disable Weather in Clock">
                    <label>31177</label>
                    <align>left</align>
                    <font>Font-ListInfo</font>
                    <onclick>Skin.ToggleSetting(disable.weatherheader)</onclick>
                    <selected>!Skin.HasSetting(disable.weatherheader)</selected>
                    <visible>ControlGroup(3).HasFocus(35)</visible>
                    <enable>!Skin.HasSetting(disable.clockheader)</enable>
                    <texturefocus border="12" colordiffuse="PosterHighlight">common/white.png</texturefocus>
                </control>
                
                <!-- ADDONS -->
                <control type="radiobutton" id="804" description="Tv Tunes">
                    <label>31144</label>
                    <align>left</align>
                    <font>Font-ListInfo</font>
                    <onclick>Skin.ToggleSetting(ActivateTvTunes)</onclick>
                    <selected>Skin.HasSetting(ActivateTvTunes)</selected>
                    <visible>ControlGroup(3).HasFocus(36)</visible>
                    <texturefocus border="12" colordiffuse="PosterHighlight">common/white.png</texturefocus>
                </control>
                
                <control type="radiobutton" id="805" description="Rss Feed">
                    <label>13305</label>
                    <align>left</align>
                    <font>Font-ListInfo</font>
                    <onclick>Skin.ToggleSetting(disable.rss)</onclick>
                    <selected>!Skin.HasSetting(disable.rss)</selected>
                    <visible>ControlGroup(3).HasFocus(36)</visible>
                    <texturefocus border="12" colordiffuse="PosterHighlight">common/white.png</texturefocus>
                </control>
                
                <control type="radiobutton" id="806" description="Rss Next Aired">
                    <label>31188</label>
                    <align>left</align>
                    <font>Font-ListInfo</font>
                    <onclick>Skin.ToggleSetting(rss.tvnextaired)</onclick>
                    <selected>Skin.HasSetting(rss.tvnextaired)</selected>
                    <visible>ControlGroup(3).HasFocus(36)</visible>
                    <enable>!Skin.HasSetting(disable.rss)</enable>
                    <texturefocus border="12" colordiffuse="PosterHighlight">common/white.png</texturefocus>
                </control>
                
                <control type="radiobutton" id="807" description="Next Aired Update">
                    <label>31189</label>
                    <align>left</align>
                    <font>Font-ListInfo</font>
                    <onclick>Skin.ToggleSetting(NextAired.Update)</onclick>
                    <selected>Skin.HasSetting(NextAired.Update)</selected>
                    <visible>ControlGroup(3).HasFocus(36)</visible>
                    <texturefocus border="12" colordiffuse="PosterHighlight">common/white.png</texturefocus>
                </control>
                
                <control type="radiobutton" id="811" description="Auto update artwork downloader">
                    <label>31280</label>
                    <align>left</align>
                    <font>Font-ListInfo</font>
                    <onclick>Skin.ToggleSetting(UpdateArt.Enabled)</onclick>
                    <selected>Skin.HasSetting(UpdateArt.Enabled)</selected>
                    <visible>ControlGroup(3).HasFocus(36)</visible>
                    <texturefocus border="12" colordiffuse="PosterHighlight">common/white.png</texturefocus>
                </control>
                
                <control type="button" id="812" description="Startup Video">
                    <label>31287</label>
                    <align>left</align>
                    <font>Font-ListInfo</font>
                    <label2>$INFO[Skin.String(StartupPlaylist)]</label2>
                    <onclick condition="IsEmpty(Skin.String(StartupPlaylist))">Skin.SetFile(StartupPlaylist)</onclick>
                    <onclick condition="!IsEmpty(Skin.String(StartupPlaylist))">Skin.Reset(StartupPlaylist)</onclick>
                    <visible>ControlGroup(3).HasFocus(36)</visible>
                    <texturefocus border="12" colordiffuse="PosterHighlight">common/white.png</texturefocus>
                </control>
                
                <!-- ADVANCED -->
        
                <control type="radiobutton" id="803" description="Kiosk mode">
                    <label>31239</label>
                    <align>left</align>
                    <font>Font-ListInfo</font>
                    <onclick>Skin.ToggleSetting(kioskmode)</onclick>
                    <selected>Skin.HasSetting(kioskmode)</selected>
                    <visible>ControlGroup(3).HasFocus(39)</visible>
                    <texturefocus border="12" colordiffuse="PosterHighlight">common/white.png</texturefocus>
                </control>
                
                <control type="radiobutton" id="809">
                    <label>31178</label>
                    <align>left</align>
                    <font>Font-ListInfo</font>
                    <onclick>Skin.ToggleSetting(home.talltiles)</onclick>
                    <onclick>Skin.Reset(home.dontfade)</onclick>
                    <onclick>Skin.Reset(home.matchcolor)</onclick>
                    <selected>Skin.HasSetting(home.talltiles)</selected>
                    <visible>ControlGroup(3).HasFocus(39)</visible>
                    <texturefocus border="12" colordiffuse="PosterHighlight">common/white.png</texturefocus>
                </control>
                
                <control type="button" id="902" description="Skin Reinit">
                    <label>31137</label>
                    <align>left</align>
                    <font>Font-ListInfo</font>
                    <onclick>Skin.ToggleSetting(skin.init)</onclick>
                    <onclick>ReplaceWindow(startup)</onclick>
                    <selected>!Skin.HasSetting(skin.init)</selected>
                    <visible>ControlGroup(3).HasFocus(39)</visible>
                    <texturefocus border="12" colordiffuse="PosterHighlight">common/white.png</texturefocus>
                </control>
                
            </control>
        </control>
        <include>GlobalTopBar</include>
    </controls>
</window>
